Predictor variable,Categorical,Sample average
bio11,false,-235.88218387826214
bio12,false,444.78633531277944
bio3,false,19.906389178776585
bio4,false,13471.141287290766
bio7,false,472.2754524511086
