Predictor variable,Categorical,Sample average
bio11,false,-234.21003419946132
bio12,false,435.9841357369145
bio3,false,19.85815220208714
bio4,false,13328.99156422955
bio7,false,467.7472886153483
