Raw value,Corresponding cumulative value,Corresponding Logistic value,Fractional area,Training omission,Test omission
4.36232E-2,4.362321466,0.086552548,0.04,0.323076923,0
7.65245E-2,12.014769162,0.142527648,0.03,0.323076923,0
1.09086E-1,22.923375914,0.191556746,0.02,0.323076923,0
7.70766E-1,100,0.62605314,0.01,0.323076923,0
1E0,100,0.684750834,0,0.323076923,0
