Predictor variable,Categorical,Sample average
bio11,false,-235.63081347092697
bio12,false,447.94227641293094
bio3,false,19.881221283074332
bio4,false,13338.805001771734
bio7,false,467.4133854447894
