Predictor variable,Categorical,Sample average
bio11,false,-237.4004007631965
bio12,false,429.67263034301493
bio3,false,19.79335825901567
bio4,false,13479.343660358734
bio7,false,472.1891680855473
