Predictor variable,Categorical,Sample average
bio11,false,-233.292988575303
bio12,false,445.16971392044496
bio3,false,19.956233212036395
bio4,false,13307.493499426297
bio7,false,467.16691493782054
