Predictor variable,Categorical,Sample average
bio11,false,-236.56856159002444
bio12,false,435.3149019088399
bio3,false,19.827407734477035
bio4,false,13413.106029423932
bio7,false,469.67143676573136
