Predictor variable,Categorical,Sample average
bio11,false,-235.74613252314327
bio12,false,435.6515627834246
bio3,false,19.710339301090777
bio4,false,13318.73805556493
bio7,false,466.1940854362999
