Predictor variable,Categorical,Sample average
bio11,false,-237.79170852809438
bio12,false,429.3728448196312
bio3,false,19.792686734292214
bio4,false,13415.78649348677
bio7,false,468.7445257528812
