Predictor variable,Categorical,Sample average
bio11,false,-234.84287938597907
bio12,false,432.0774985822179
bio3,false,19.892905179676692
bio4,false,13376.773664239674
bio7,false,469.60911003096317
